<?xml version="1.0" encoding="UTF-8"?>
<!DOCTYPE mapper PUBLIC "-//mybatis.org//DTD Mapper 3.0//EN" "http://mybatis.org/dtd/mybatis-3-mapper.dtd">

<mapper namespace="com.dao.ChukuxinxiDao">

	<!-- 可根据自己的需求，是否要使用 -->
    <resultMap type="com.entity.ChukuxinxiEntity" id="chukuxinxiMap">
        <result property="shangpinmingcheng" column="shangpinmingcheng"/>
        <result property="shuliang" column="shuliang"/>
        <result property="shangpinleixing" column="shangpinleixing"/>
        <result property="shoujia" column="shoujia"/>
        <result property="jine" column="jine"/>
        <result property="kehu" column="kehu"/>
        <result property="beizhu" column="beizhu"/>
        <result property="chukuriqi" column="chukuriqi"/>
    </resultMap>

	<select id="selectListVO"
		resultType="com.entity.vo.ChukuxinxiVO" >
		SELECT * FROM chukuxinxi  chukuxinxi         
        <where> 1=1 ${ew.sqlSegment}</where>
	</select>
	
	<select id="selectVO"
		resultType="com.entity.vo.ChukuxinxiVO" >
		SELECT  chukuxinxi.* FROM chukuxinxi  chukuxinxi
 		<where> 1=1 ${ew.sqlSegment}</where>
	</select>

    <select id="selectListView"
		resultType="com.entity.view.ChukuxinxiView" >

		SELECT  chukuxinxi.* FROM chukuxinxi  chukuxinxi 	        
        <where> 1=1 ${ew.sqlSegment}</where>
	</select>
	
	<select id="selectView"
		resultType="com.entity.view.ChukuxinxiView" >
		SELECT * FROM chukuxinxi  chukuxinxi <where> 1=1 ${ew.sqlSegment}</where>
	</select>
	

	
</mapper>
