<?xml version="1.0" encoding="UTF-8"?>
<!DOCTYPE mapper PUBLIC "-//mybatis.org//DTD Mapper 3.0//EN" "http://mybatis.org/dtd/mybatis-3-mapper.dtd">

<mapper namespace="com.dao.TuihuoxinxiDao">

	<!-- 可根据自己的需求，是否要使用 -->
    <resultMap type="com.entity.TuihuoxinxiEntity" id="tuihuoxinxiMap">
        <result property="shangpinbianma" column="shangpinbianma"/>
        <result property="shangpinmingcheng" column="shangpinmingcheng"/>
        <result property="shangpinleixing" column="shangpinleixing"/>
        <result property="shuliang" column="shuliang"/>
        <result property="danjia" column="danjia"/>
        <result property="jine" column="jine"/>
        <result property="zhanghao" column="zhanghao"/>
        <result property="xingming" column="xingming"/>
        <result property="shoujihaoma" column="shoujihaoma"/>
        <result property="xiadanshijian" column="xiadanshijian"/>
        <result property="beizhu" column="beizhu"/>
        <result property="tuihuoyuanyin" column="tuihuoyuanyin"/>
        <result property="shenqingriqi" column="shenqingriqi"/>
        <result property="sfsh" column="sfsh"/>
        <result property="shhf" column="shhf"/>
    </resultMap>

	<select id="selectListVO"
		resultType="com.entity.vo.TuihuoxinxiVO" >
		SELECT * FROM tuihuoxinxi  tuihuoxinxi         
        <where> 1=1 ${ew.sqlSegment}</where>
	</select>
	
	<select id="selectVO"
		resultType="com.entity.vo.TuihuoxinxiVO" >
		SELECT  tuihuoxinxi.* FROM tuihuoxinxi  tuihuoxinxi
 		<where> 1=1 ${ew.sqlSegment}</where>
	</select>

    <select id="selectListView"
		resultType="com.entity.view.TuihuoxinxiView" >

		SELECT  tuihuoxinxi.* FROM tuihuoxinxi  tuihuoxinxi 	        
        <where> 1=1 ${ew.sqlSegment}</where>
	</select>
	
	<select id="selectView"
		resultType="com.entity.view.TuihuoxinxiView" >
		SELECT * FROM tuihuoxinxi  tuihuoxinxi <where> 1=1 ${ew.sqlSegment}</where>
	</select>
	

	
</mapper>
